"Date","Price","Open","High","Low","Vol.","Change %"
"Mar 07, 2022","381.10","375.00","385.50","363.20","356.42M","1.65%"
"Mar 06, 2022","374.90","384.70","387.20","372.90","185.66M","-2.55%"
"Mar 05, 2022","384.70","374.50","387.20","367.80","171.62M","2.72%"
"Mar 04, 2022","374.50","402.60","403.39","372.09","294.17M","-6.98%"
"Mar 03, 2022","402.60","409.20","413.08","397.60","648.92K","-1.61%"
"Mar 02, 2022","409.20","408.59","415.59","403.90","874.33K","0.15%"
"Mar 01, 2022","408.59","395.61","420.35","391.00","1.48M","3.28%"
"Feb 28, 2022","395.61","359.92","397.09","356.00","815.14K","9.92%"
"Feb 27, 2022","359.91","373.60","380.90","358.21","726.15K","-3.59%"
"Feb 26, 2022","373.31","375.17","385.60","370.60","584.74K","-0.42%"
"Feb 25, 2022","374.89","361.19","376.90","357.09","834.85K","3.82%"
"Feb 24, 2022","361.10","365.69","369.80","323.89","2.03M","-1.26%"
"Feb 23, 2022","365.69","374.20","383.82","365.60","739.08K","-2.27%"
"Feb 22, 2022","374.20","356.52","374.92","349.30","984.89K","4.96%"
"Feb 21, 2022","356.50","380.32","393.61","355.01","1.27M","-6.26%"
"Feb 20, 2022","380.31","399.70","399.99","375.39","667.90K","-4.85%"
"Feb 19, 2022","399.70","399.21","406.31","393.21","448.75K","0.12%"
"Feb 18, 2022","399.20","402.97","410.99","392.89","657.32K","-0.94%"
"Feb 17, 2022","402.97","427.38","431.00","400.19","713.82K","-5.71%"
"Feb 16, 2022","427.38","432.31","433.30","422.80","661.38K","-1.12%"
"Feb 15, 2022","432.21","403.49","441.20","402.70","1.24M","7.12%"
"Feb 14, 2022","403.49","397.83","404.20","390.61","500.69K","1.43%"
"Feb 13, 2022","397.80","403.22","407.02","394.90","426.23K","-1.34%"
"Feb 12, 2022","403.20","400.16","406.90","393.59","569.68K","0.75%"
"Feb 11, 2022","400.19","414.89","418.80","392.90","767.57K","-3.54%"
"Feb 10, 2022","414.89","422.81","434.69","410.50","1.02M","-1.87%"
"Feb 09, 2022","422.80","407.71","427.30","407.31","686.30K","3.70%"
"Feb 08, 2022","407.72","433.29","444.86","406.41","1.22M","-5.90%"
"Feb 07, 2022","433.29","420.01","438.61","413.59","810.27K","3.16%"
"Feb 06, 2022","420.00","413.99","421.30","407.79","576.76K","1.45%"
"Feb 05, 2022","413.99","399.49","430.88","396.60","1.10M","3.63%"
"Feb 04, 2022","399.49","371.88","399.49","369.62","924.97K","7.42%"
"Feb 03, 2022","371.88","367.10","371.90","359.82","535.06K","1.30%"
"Feb 02, 2022","367.10","384.21","386.11","366.30","612.86K","-4.45%"
"Feb 01, 2022","384.21","374.31","388.02","374.01","594.73K","2.67%"
"Jan 31, 2022","374.21","377.50","385.20","365.59","658.95K","-0.87%"
"Jan 30, 2022","377.50","389.29","389.49","372.81","572.48K","-3.03%"
"Jan 29, 2022","389.29","386.00","396.92","381.21","579.88K","0.85%"
"Jan 28, 2022","386.00","390.03","395.13","376.19","812.65K","-1.03%"
"Jan 27, 2022","390.03","374.91","393.00","360.10","1.05M","4.03%"
"Jan 26, 2022","374.91","384.88","401.34","366.40","1.16M","-2.59%"
"Jan 25, 2022","384.88","371.59","387.97","357.79","1.10M","3.58%"
"Jan 24, 2022","371.58","384.10","384.10","336.82","2.04M","-3.26%"
"Jan 23, 2022","384.10","358.30","388.89","356.60","1.37M","7.14%"
"Jan 22, 2022","358.50","384.30","388.99","337.57","2.71M","-6.71%"
"Jan 21, 2022","384.30","440.43","444.31","374.98","1.99M","-12.74%"
"Jan 20, 2022","440.43","462.27","478.29","438.49","1.22M","-4.73%"
"Jan 19, 2022","462.28","471.21","472.80","454.09","626.89K","-1.89%"
"Jan 18, 2022","471.21","475.01","479.31","457.50","749.84K","-0.80%"
"Jan 17, 2022","475.01","498.50","498.98","467.40","805.11K","-4.71%"
"Jan 16, 2022","498.50","494.49","505.59","488.90","549.92K","0.77%"
"Jan 15, 2022","494.67","490.00","500.80","485.30","607.71K","0.95%"
"Jan 14, 2022","490.00","475.12","492.08","468.29","896.28K","3.14%"
"Jan 13, 2022","475.09","487.04","488.90","467.09","994.44K","-2.45%"
"Jan 12, 2022","487.01","463.51","489.60","456.71","883.73K","5.08%"
"Jan 11, 2022","463.48","424.81","467.50","421.50","1.35M","9.10%"
"Jan 10, 2022","424.81","438.60","445.40","407.67","1.29M","-3.14%"
"Jan 09, 2022","438.60","429.32","444.40","427.31","751.21K","2.16%"
"Jan 08, 2022","429.32","447.90","459.30","417.13","1.12M","-4.11%"
"Jan 07, 2022","447.71","472.89","473.70","438.20","1.38M","-5.33%"
"Jan 06, 2022","472.89","473.61","481.30","459.41","1.02M","-0.15%"
"Jan 05, 2022","473.61","506.99","515.81","459.04","1.03M","-6.59%"
"Jan 04, 2022","507.00","511.70","519.70","502.40","724.32K","-0.92%"
"Jan 03, 2022","511.70","531.00","532.60","510.21","700.85K","-3.68%"
"Jan 02, 2022","531.28","527.41","533.59","518.40","435.89K","0.74%"
"Jan 01, 2022","527.40","511.70","527.51","511.60","478.60K","3.07%"
"Dec 31, 2021","511.70","518.50","528.10","507.11","726.07K","-1.31%"
"Dec 30, 2021","518.50","514.50","527.60","508.81","676.81K","0.83%"
"Dec 29, 2021","514.22","534.21","540.40","511.20","776.59K","-3.74%"
"Dec 28, 2021","534.19","563.59","563.60","529.27","1.05M","-5.17%"
"Dec 27, 2021","563.30","546.49","571.60","543.29","844.13K","3.08%"
"Dec 26, 2021","546.49","547.33","549.20","536.39","579.22K","-0.15%"
"Dec 25, 2021","547.33","541.78","550.40","539.67","500.45K","1.02%"
"Dec 24, 2021","541.78","548.70","554.12","537.96","728.05K","-1.26%"
"Dec 23, 2021","548.70","533.43","552.31","524.73","897.97K","2.86%"
"Dec 22, 2021","533.43","528.50","544.50","527.40","778.93K","0.93%"
"Dec 21, 2021","528.50","523.34","535.19","517.51","705.94K","0.99%"
"Dec 20, 2021","523.31","529.90","534.59","506.31","767.19K","-1.24%"
"Dec 19, 2021","529.90","534.19","544.21","527.51","575.84K","-0.81%"
"Dec 18, 2021","534.20","525.90","537.69","516.70","614.60K","1.58%"
"Dec 17, 2021","525.90","526.01","535.42","511.30","959.71K","-0.02%"
"Dec 16, 2021","526.01","541.10","545.02","525.30","777.27K","-2.79%"
"Dec 15, 2021","541.10","528.30","546.23","502.09","1.23M","2.42%"
"Dec 14, 2021","528.30","520.88","535.68","510.21","1.37M","1.42%"
"Dec 13, 2021","520.88","570.51","572.11","512.07","1.11M","-8.70%"
"Dec 12, 2021","570.51","563.24","574.01","559.51","594.62K","1.29%"
"Dec 11, 2021","563.24","552.53","572.16","542.33","1.02M","1.94%"
"Dec 10, 2021","552.53","570.77","594.92","551.46","1.19M","-3.20%"
"Dec 09, 2021","570.78","606.90","616.24","567.92","1.20M","-5.95%"
"Dec 08, 2021","606.90","578.69","607.49","567.51","1.22M","4.87%"
"Dec 07, 2021","578.70","588.59","593.41","572.30","1.11M","-1.68%"
"Dec 06, 2021","588.59","557.61","592.61","533.30","2.16M","5.56%"
"Dec 05, 2021","557.60","568.60","581.81","542.72","1.30M","-1.94%"
"Dec 04, 2021","568.62","594.62","595.90","495.12","2.71M","-4.37%"
"Dec 03, 2021","594.62","620.21","627.80","576.78","1.33M","-4.13%"
"Dec 02, 2021","620.21","627.32","629.72","605.61","1.17M","-1.13%"
"Dec 01, 2021","627.32","621.51","649.59","618.72","1.46M","0.66%"
"Nov 30, 2021","623.23","623.60","634.52","603.71","1.46M","-0.06%"
"Nov 29, 2021","623.61","611.58","628.62","601.99","1.15M","1.96%"
"Nov 28, 2021","611.61","600.30","612.57","573.96","1.36M","1.88%"
"Nov 27, 2021","600.30","587.62","621.19","584.30","1.27M","2.62%"
"Nov 26, 2021","584.96","639.17","657.70","564.63","2.54M","-8.43%"
"Nov 25, 2021","638.79","590.61","646.51","587.72","1.62M","8.16%"
"Nov 24, 2021","590.61","591.10","593.89","577.40","1.14M","-0.12%"
"Nov 23, 2021","591.30","559.69","604.80","558.30","1.26M","5.65%"
"Nov 22, 2021","559.69","585.14","585.14","554.30","1.20M","-4.35%"
"Nov 21, 2021","585.14","604.28","604.91","580.11","1.03M","-3.17%"
"Nov 20, 2021","604.28","581.00","604.70","573.58","1.18M","3.99%"
"Nov 19, 2021","581.09","531.89","585.39","524.70","1.38M","9.11%"
"Nov 18, 2021","532.56","578.30","587.90","517.13","1.82M","-7.91%"
"Nov 17, 2021","578.31","588.91","592.50","554.64","1.55M","-1.80%"
"Nov 16, 2021","588.91","633.81","634.51","574.03","2.30M","-7.04%"
"Nov 15, 2021","633.51","650.80","659.20","631.30","992.20K","-2.66%"
"Nov 14, 2021","650.80","649.50","660.20","634.81","987.16K","0.20%"
"Nov 13, 2021","649.50","626.92","654.70","620.80","944.98K","3.60%"
"Nov 12, 2021","626.91","627.91","634.50","603.90","1.07M","-0.30%"
"Nov 11, 2021","628.80","614.80","634.80","606.01","1.07M","2.28%"
"Nov 10, 2021","614.81","634.90","662.60","575.72","1.89M","-3.06%"
"Nov 09, 2021","634.24","653.79","656.68","632.11","930.88K","-2.99%"
"Nov 08, 2021","653.79","649.50","655.49","631.70","1.35M","0.66%"
"Nov 07, 2021","649.50","636.30","668.80","630.91","1.54M","2.07%"
"Nov 06, 2021","636.30","607.31","636.30","595.99","1.43M","4.77%"
"Nov 05, 2021","607.31","558.70","614.61","554.42","2.12M","8.61%"
"Nov 04, 2021","559.16","568.48","568.69","543.82","1.15M","-1.63%"
"Nov 03, 2021","568.40","554.28","569.87","537.61","1.38M","2.55%"
"Nov 02, 2021","554.28","551.50","563.70","537.62","1.28M","0.50%"
"Nov 01, 2021","551.53","524.65","551.91","511.74","1.44M","5.16%"
"Oct 31, 2021","524.46","528.20","534.89","509.32","1.16M","-0.71%"
"Oct 30, 2021","528.20","529.61","540.31","512.18","1.19M","-0.25%"
"Oct 29, 2021","529.52","492.09","533.60","488.99","1.57M","7.61%"
"Oct 28, 2021","492.09","448.70","494.69","446.60","1.69M","9.67%"
"Oct 27, 2021","448.69","478.02","486.29","438.55","1.51M","-6.13%"
"Oct 26, 2021","478.01","484.91","489.58","474.17","795.25K","-1.42%"
"Oct 25, 2021","484.91","475.70","488.58","474.82","720.34K","1.92%"
"Oct 24, 2021","475.80","485.41","486.42","468.02","668.75K","-1.98%"
"Oct 23, 2021","485.41","478.83","485.41","472.91","597.10K","1.38%"
"Oct 22, 2021","478.83","470.92","497.89","470.92","1.23M","1.64%"
"Oct 21, 2021","471.10","501.30","504.79","467.26","2.02M","-5.99%"
"Oct 20, 2021","501.11","488.10","505.62","482.35","1.05M","2.67%"
"Oct 19, 2021","488.10","485.00","497.40","481.10","1.01M","0.64%"
"Oct 18, 2021","485.00","470.91","487.20","467.22","1.20M","3.04%"
"Oct 17, 2021","470.71","465.12","472.40","455.77","978.52K","1.20%"
"Oct 16, 2021","465.12","474.31","484.40","462.43","1.14M","-1.94%"
"Oct 15, 2021","474.31","472.42","477.41","452.85","1.64M","0.40%"
"Oct 14, 2021","472.42","470.41","482.59","461.80","1.56M","0.43%"
"Oct 13, 2021","470.41","444.39","471.60","434.08","3.59M","6.03%"
"Oct 12, 2021","443.65","413.39","444.01","392.49","2.12M","7.32%"
"Oct 11, 2021","413.38","404.19","423.86","400.42","836.99K","2.27%"
"Oct 10, 2021","404.19","421.72","422.18","402.41","802.32K","-4.15%"
"Oct 09, 2021","421.69","418.70","425.88","416.51","695.80K","0.71%"
"Oct 08, 2021","418.70","438.21","441.59","416.00","1.65M","-4.45%"
"Oct 07, 2021","438.21","434.79","449.89","424.11","1.28M","0.76%"
"Oct 06, 2021","434.88","442.19","442.79","414.91","1.36M","-1.66%"
"Oct 05, 2021","442.21","426.39","443.90","424.21","973.60K","3.69%"
"Oct 04, 2021","426.48","430.32","430.87","411.61","1.07M","-0.89%"
"Oct 03, 2021","430.32","427.18","436.89","422.34","936.53K","0.73%"
"Oct 02, 2021","427.22","421.31","438.00","410.80","1.22M","1.40%"
"Oct 01, 2021","421.31","387.59","423.30","381.79","1.57M","8.70%"
"Sep 30, 2021","387.59","367.49","388.49","366.49","1.25M","5.47%"
"Sep 29, 2021","367.51","332.91","375.01","331.57","1.85M","10.38%"
"Sep 28, 2021","332.94","335.32","344.41","330.01","1.02M","-0.71%"
"Sep 27, 2021","335.32","344.52","357.50","335.30","1.04M","-2.67%"
"Sep 26, 2021","344.53","349.51","352.62","320.10","1.69M","-1.43%"
"Sep 25, 2021","349.51","355.10","360.49","343.72","967.04K","-1.57%"
"Sep 24, 2021","355.10","383.53","384.99","334.67","1.79M","-7.44%"
"Sep 23, 2021","383.63","378.82","384.49","369.21","1.04M","1.27%"
"Sep 22, 2021","378.83","343.36","379.89","342.42","1.15M","10.35%"
"Sep 21, 2021","343.30","364.17","375.69","337.35","1.71M","-5.58%"
"Sep 20, 2021","363.60","408.39","409.60","355.33","2.02M","-10.97%"
"Sep 19, 2021","408.39","410.70","418.95","403.45","819.71K","-0.56%"
"Sep 18, 2021","410.70","406.22","419.87","401.63","810.07K","1.11%"
"Sep 17, 2021","406.21","424.22","425.79","401.37","923.27K","-4.24%"
"Sep 16, 2021","424.22","431.20","433.90","415.99","1.12M","-1.60%"
"Sep 15, 2021","431.10","414.29","436.39","410.10","1.27M","4.06%"
"Sep 14, 2021","414.29","399.00","414.29","396.11","997.13K","3.83%"
"Sep 13, 2021","399.00","416.98","419.39","385.32","1.62M","-4.31%"
"Sep 12, 2021","416.99","405.10","421.29","398.00","1.03M","2.94%"
"Sep 11, 2021","405.10","401.10","415.09","399.52","967.25K","1.00%"
"Sep 10, 2021","401.10","421.20","438.89","393.91","1.59M","-4.77%"
"Sep 09, 2021","421.20","414.61","435.59","404.11","1.60M","1.59%"
"Sep 08, 2021","414.60","417.32","425.48","383.71","2.17M","-0.65%"
"Sep 07, 2021","417.31","496.11","504.58","373.12","3.54M","-15.88%"
"Sep 06, 2021","496.11","504.49","508.86","487.85","1.18M","-1.66%"
"Sep 05, 2021","504.49","497.40","505.17","488.91","926.28K","1.43%"
"Sep 04, 2021","497.40","488.49","509.75","485.62","1.31M","1.88%"
"Sep 03, 2021","488.20","483.84","494.49","473.55","1.15M","0.90%"
"Sep 02, 2021","483.84","489.39","504.56","478.16","1.29M","-1.21%"
"Sep 01, 2021","489.78","464.29","489.98","455.51","1.36M","5.49%"
"Aug 31, 2021","464.29","460.10","477.08","452.50","1.52M","0.91%"
"Aug 30, 2021","460.10","479.82","480.87","457.43","1.16M","-4.07%"
"Aug 29, 2021","479.63","486.00","495.47","476.81","945.02K","-1.31%"
"Aug 28, 2021","486.01","494.48","496.78","482.71","925.23K","-1.71%"
"Aug 27, 2021","494.48","477.83","494.88","467.52","1.60M","3.48%"
"Aug 26, 2021","477.83","503.44","518.58","472.73","2.29M","-5.09%"
"Aug 25, 2021","503.44","471.95","506.84","470.14","2.30M","6.67%"
"Aug 24, 2021","471.95","499.79","504.05","461.33","2.14M","-5.57%"
"Aug 23, 2021","499.79","448.68","508.85","447.02","2.72M","11.39%"
"Aug 22, 2021","448.68","448.64","458.23","438.03","1.17M","0.01%"
"Aug 21, 2021","448.64","454.89","459.99","444.81","1.47M","-1.37%"
"Aug 20, 2021","454.87","431.42","457.54","421.98","1.73M","5.44%"
"Aug 19, 2021","431.42","396.44","431.42","391.07","1.89M","8.81%"
"Aug 18, 2021","396.48","401.94","412.07","386.69","1.81M","-1.36%"
"Aug 17, 2021","401.94","416.08","435.64","399.39","2.04M","-3.40%"
"Aug 16, 2021","416.08","414.10","436.64","411.06","1.90M","0.48%"
"Aug 15, 2021","414.10","408.91","414.88","396.65","1.28M","1.27%"
"Aug 14, 2021","408.91","410.89","418.76","400.43","1.49M","-0.48%"
"Aug 13, 2021","410.90","385.51","411.03","383.00","1.30M","6.59%"
"Aug 12, 2021","385.51","391.48","406.08","371.80","1.90M","-1.52%"
"Aug 11, 2021","391.48","371.90","408.17","371.12","1.97M","5.26%"
"Aug 10, 2021","371.90","354.50","376.20","348.97","1.71M","4.91%"
"Aug 09, 2021","354.50","341.83","357.34","333.53","1.33M","3.70%"
"Aug 08, 2021","341.83","356.18","359.78","337.08","1.32M","-4.06%"
"Aug 07, 2021","356.28","342.08","359.58","340.65","1.59M","4.15%"
"Aug 06, 2021","342.08","337.88","347.00","331.43","1.31M","1.24%"
"Aug 05, 2021","337.88","334.89","339.91","323.71","1.30M","0.89%"
"Aug 04, 2021","334.89","323.39","337.04","319.97","1.01M","3.62%"
"Aug 03, 2021","323.19","330.86","334.61","317.70","1.18M","-2.32%"
"Aug 02, 2021","330.86","332.76","338.06","326.39","1.15M","-0.58%"
"Aug 01, 2021","332.78","332.32","347.44","329.82","1.70M","0.11%"
"Jul 31, 2021","332.41","322.61","337.95","317.64","1.55M","3.03%"
"Jul 30, 2021","322.63","316.72","325.26","306.75","1.45M","1.87%"
"Jul 29, 2021","316.72","313.76","319.97","309.08","1.13M","0.94%"
"Jul 28, 2021","313.76","313.69","318.59","308.53","1.47M","0.03%"
"Jul 27, 2021","313.67","304.31","318.25","298.53","1.89M","3.08%"
"Jul 26, 2021","304.31","302.60","327.62","301.19","2.86M","0.58%"
"Jul 25, 2021","302.57","302.55","303.09","292.85","1.25M","-0.19%"
"Jul 24, 2021","303.15","298.91","305.01","296.16","1.81M","1.42%"
"Jul 23, 2021","298.89","293.51","301.15","281.68","1.98M","1.83%"
"Jul 22, 2021","293.53","293.08","297.69","287.55","1.47M","0.15%"
"Jul 21, 2021","293.08","264.59","298.69","261.51","2.18M","10.77%"
"Jul 20, 2021","264.59","280.48","283.25","255.79","2.25M","-5.66%"
"Jul 19, 2021","280.47","302.16","303.49","279.38","1.63M","-7.18%"
"Jul 18, 2021","302.18","300.34","309.00","299.60","1.03M","0.62%"
"Jul 17, 2021","300.31","302.88","306.41","295.11","1.31M","-0.84%"
"Jul 16, 2021","302.84","315.62","323.21","301.85","1.77M","-4.04%"
"Jul 15, 2021","315.58","309.49","324.15","301.92","2.49M","1.98%"
"Jul 14, 2021","309.45","308.96","313.29","290.93","1.65M","0.15%"
"Jul 13, 2021","308.98","316.15","318.16","305.35","1.08M","-2.27%"
"Jul 12, 2021","316.17","321.91","334.34","308.77","1.52M","-1.77%"
"Jul 11, 2021","321.88","316.07","326.55","312.28","929.54K","1.84%"
"Jul 10, 2021","316.07","316.77","321.20","310.82","958.95K","-0.22%"
"Jul 09, 2021","316.77","310.52","319.48","302.28","1.28M","2.01%"
"Jul 08, 2021","310.52","327.65","328.17","307.04","1.89M","-5.24%"
"Jul 07, 2021","327.68","320.01","339.36","318.33","2.02M","2.39%"
"Jul 06, 2021","320.02","302.01","321.89","301.95","2.34M","5.86%"
"Jul 05, 2021","302.31","307.88","307.88","292.40","1.62M","-1.81%"
"Jul 04, 2021","307.88","299.25","314.73","299.10","1.50M","2.88%"
"Jul 03, 2021","299.25","287.37","302.93","283.06","1.11M","4.13%"
"Jul 02, 2021","287.38","287.64","290.58","276.78","1.18M","-0.09%"
"Jul 01, 2021","287.63","303.24","303.41","281.40","1.62M","-5.15%"
"Jun 30, 2021","303.25","299.88","304.71","281.84","2.36M","1.12%"
"Jun 29, 2021","299.88","289.85","315.04","289.27","2.43M","3.47%"
"Jun 28, 2021","289.83","290.87","298.93","283.91","2.16M","-0.35%"
"Jun 27, 2021","290.86","279.45","291.08","270.00","1.79M","4.08%"
"Jun 26, 2021","279.45","281.15","290.05","264.47","2.63M","-0.60%"
"Jun 25, 2021","281.13","308.57","314.08","275.62","3.26M","-8.81%"
"Jun 24, 2021","308.31","296.13","316.20","281.74","3.12M","4.11%"
"Jun 23, 2021","296.14","261.47","309.45","251.90","4.07M","13.27%"
"Jun 22, 2021","261.45","271.81","290.65","225.93","6.75M","-3.80%"
"Jun 21, 2021","271.80","339.09","341.52","269.45","4.55M","-19.94%"
"Jun 20, 2021","339.47","334.15","340.38","310.54","1.99M","1.58%"
"Jun 19, 2021","334.19","336.71","344.33","331.88","1.33M","-0.74%"
"Jun 18, 2021","336.67","352.66","357.03","327.39","1.95M","-4.53%"
"Jun 17, 2021","352.64","347.14","362.36","346.18","1.53M","1.58%"
"Jun 16, 2021","347.15","366.77","366.77","343.49","1.89M","-5.35%"
"Jun 15, 2021","366.78","370.08","379.49","363.84","1.90M","-0.89%"
"Jun 14, 2021","370.06","365.83","377.02","355.23","2.42M","1.16%"
"Jun 13, 2021","365.83","343.26","369.00","330.64","2.39M","6.58%"
"Jun 12, 2021","343.23","345.59","348.75","325.63","2.55M","-0.65%"
"Jun 11, 2021","345.46","351.46","365.51","341.53","2.71M","-1.70%"
"Jun 10, 2021","351.43","375.53","376.81","344.96","2.96M","-6.36%"
"Jun 09, 2021","375.29","352.54","378.44","333.69","4.24M","6.42%"
"Jun 08, 2021","352.64","358.05","365.89","320.39","5.99M","-1.52%"
"Jun 07, 2021","358.08","393.23","406.99","354.55","3.60M","-8.93%"
"Jun 06, 2021","393.20","390.09","399.82","382.07","2.27M","0.80%"
"Jun 05, 2021","390.09","390.68","425.57","374.62","4.79M","-0.23%"
"Jun 04, 2021","390.97","428.47","428.71","366.56","5.92M","-8.56%"
"Jun 03, 2021","427.59","401.13","432.58","391.83","5.06M","6.60%"
"Jun 02, 2021","401.12","362.39","417.41","351.19","5.26M","10.69%"
"Jun 01, 2021","362.39","353.63","364.16","340.56","4.42M","2.45%"
"May 31, 2021","353.74","325.60","355.43","307.90","4.97M","8.65%"
"May 30, 2021","325.59","304.81","337.77","291.72","4.52M","6.83%"
"May 29, 2021","304.76","329.31","346.88","296.43","4.57M","-7.45%"
"May 28, 2021","329.31","369.79","373.28","313.42","6.31M","-10.38%"
"May 27, 2021","367.46","379.20","387.17","340.81","5.18M","-3.10%"
"May 26, 2021","379.22","343.76","387.25","337.40","5.82M","10.31%"
"May 25, 2021","343.77","345.44","374.86","307.55","7.93M","-0.36%"
"May 24, 2021","345.02","261.56","349.89","257.97","8.07M","31.90%"
"May 23, 2021","261.57","299.25","312.85","212.41","9.23M","-12.59%"
"May 22, 2021","299.25","326.44","334.69","286.50","5.57M","-8.33%"
"May 21, 2021","326.44","391.12","414.79","276.78","9.21M","-16.86%"
"May 20, 2021","392.64","335.09","423.50","287.48","8.49M","17.16%"
"May 19, 2021","335.12","508.27","515.55","282.30","11.92M","-34.07%"
"May 18, 2021","508.28","511.79","533.45","496.65","2.86M","-0.68%"
"May 17, 2021","511.76","563.37","563.38","484.30","4.24M","-9.17%"
"May 16, 2021","563.41","562.84","606.53","535.01","3.07M","0.10%"
"May 15, 2021","562.85","602.44","610.39","560.58","2.38M","-6.57%"
"May 14, 2021","602.46","571.76","614.69","566.69","2.30M","5.37%"
"May 13, 2021","571.76","585.61","632.91","527.16","5.74M","-2.36%"
"May 12, 2021","585.60","671.61","684.51","585.35","2.92M","-12.89%"
"May 11, 2021","672.26","631.66","672.98","622.87","2.78M","6.42%"
"May 10, 2021","631.68","661.65","690.87","592.52","3.24M","-4.53%"
"May 09, 2021","661.65","646.17","678.27","631.44","2.45M","2.39%"
"May 08, 2021","646.18","624.35","657.77","618.73","2.33M","3.55%"
"May 07, 2021","624.02","633.99","644.14","612.12","2.26M","-1.46%"
"May 06, 2021","633.28","650.81","653.58","620.02","2.35M","-2.72%"
"May 05, 2021","650.99","620.81","656.35","620.55","2.55M","5.01%"
"May 04, 2021","619.96","676.25","677.67","619.79","4.13M","-8.37%"
"May 03, 2021","676.56","621.96","679.98","621.56","3.14M","8.78%"
"May 02, 2021","621.95","619.91","628.93","595.75","2.35M","0.34%"
"May 01, 2021","619.84","623.25","643.21","611.49","2.72M","-0.56%"
"Apr 30, 2021","623.33","599.89","627.71","586.03","3.75M","3.82%"
"Apr 29, 2021","600.38","563.22","614.64","554.73","4.73M","6.74%"
"Apr 28, 2021","562.49","568.80","578.80","539.59","2.67M","-1.11%"
"Apr 27, 2021","568.80","535.22","578.33","525.76","2.95M","6.27%"
"Apr 26, 2021","535.23","504.29","549.96","502.41","3.25M","6.14%"
"Apr 25, 2021","504.29","497.46","516.91","479.40","2.64M","1.37%"
"Apr 24, 2021","497.50","526.52","527.18","483.39","3.16M","-5.52%"
"Apr 23, 2021","526.56","505.12","529.95","450.94","7.19M","4.10%"
"Apr 22, 2021","505.84","543.30","582.15","482.81","6.69M","-6.90%"
"Apr 21, 2021","543.34","587.45","612.86","537.64","5.96M","-7.52%"
"Apr 20, 2021","587.50","503.98","588.98","474.35","5.96M","16.57%"
"Apr 19, 2021","503.97","481.47","539.96","469.31","5.23M","4.68%"
"Apr 18, 2021","481.42","515.10","520.00","429.96","4.66M","-6.54%"
"Apr 17, 2021","515.13","508.25","547.78","506.90","3.06M","1.26%"
"Apr 16, 2021","508.73","542.30","547.51","491.21","4.33M","-6.19%"
"Apr 15, 2021","542.31","549.65","556.32","534.85","2.41M","-1.33%"
"Apr 14, 2021","549.61","550.13","590.36","525.39","4.36M","-0.09%"
"Apr 13, 2021","550.10","596.59","602.31","533.30","5.62M","-8.10%"
"Apr 12, 2021","598.62","525.54","636.11","515.56","9.53M","13.91%"
"Apr 11, 2021","525.54","471.54","528.95","459.50","3.77M","11.28%"
"Apr 10, 2021","472.25","453.50","486.69","451.23","4.81M","4.14%"
"Apr 09, 2021","453.50","418.60","453.50","404.83","3.80M","8.57%"
"Apr 08, 2021","417.71","375.47","421.63","372.48","4.25M","11.25%"
"Apr 07, 2021","375.47","402.69","414.08","358.20","6.40M","-6.76%"
"Apr 06, 2021","402.69","367.41","411.60","364.20","4.69M","9.60%"
"Apr 05, 2021","367.41","349.36","379.45","335.86","3.67M","5.16%"
"Apr 04, 2021","349.37","321.91","352.21","316.54","2.90M","8.66%"
"Apr 03, 2021","321.53","338.82","348.99","316.06","3.29M","-4.94%"
"Apr 02, 2021","338.25","334.33","356.51","326.06","4.45M","1.17%"
"Apr 01, 2021","334.33","302.19","339.00","300.79","4.61M","10.64%"
"Mar 31, 2021","302.18","311.41","316.44","287.24","4.95M","-2.96%"
"Mar 30, 2021","311.41","275.12","311.41","271.30","5.78M","13.19%"
"Mar 29, 2021","275.12","268.87","277.49","264.92","2.90M","2.32%"
"Mar 28, 2021","268.87","269.31","281.24","261.24","3.50M","-0.17%"
"Mar 27, 2021","269.32","254.99","275.91","249.86","3.29M","5.62%"
"Mar 26, 2021","254.99","233.96","255.09","233.95","2.79M","8.85%"
"Mar 25, 2021","234.25","248.60","249.72","225.90","3.74M","-5.77%"
"Mar 24, 2021","248.59","255.45","268.60","240.41","3.50M","-2.68%"
"Mar 23, 2021","255.43","254.85","262.75","252.27","2.82M","0.16%"
"Mar 22, 2021","255.03","264.74","276.81","253.43","3.44M","-3.67%"
"Mar 21, 2021","264.74","264.39","267.92","257.12","2.12M","0.24%"
"Mar 20, 2021","264.10","263.14","274.49","261.65","2.52M","0.36%"
"Mar 19, 2021","263.15","261.28","269.00","255.39","2.41M","0.79%"
"Mar 18, 2021","261.09","269.85","277.73","257.70","3.33M","-3.25%"
"Mar 17, 2021","269.86","258.29","271.04","249.02","3.02M","4.48%"
"Mar 16, 2021","258.28","254.24","259.13","241.44","3.19M","1.60%"
"Mar 15, 2021","254.22","264.21","267.59","250.05","3.54M","-3.79%"
"Mar 14, 2021","264.25","275.89","276.77","264.25","2.58M","-4.22%"
"Mar 13, 2021","275.89","263.42","283.56","255.95","4.11M","4.73%"
"Mar 12, 2021","263.42","290.07","290.22","251.44","6.19M","-9.19%"
"Mar 11, 2021","290.07","278.15","314.44","272.98","6.91M","4.29%"
"Mar 10, 2021","278.15","293.00","295.31","268.74","6.32M","-5.07%"
"Mar 09, 2021","292.99","240.59","297.08","235.87","8.18M","21.78%"
"Mar 08, 2021","240.59","240.03","242.78","229.09","3.21M","0.24%"
"Mar 07, 2021","240.02","226.26","243.72","225.20","3.71M","6.08%"
"Mar 06, 2021","226.26","225.64","232.25","219.73","2.84M","0.28%"
"Mar 05, 2021","225.63","229.69","230.91","215.91","3.90M","-1.77%"
"Mar 04, 2021","229.70","240.62","249.66","225.65","4.24M","-4.63%"
"Mar 03, 2021","240.85","239.48","254.37","236.51","4.51M","0.58%"
"Mar 02, 2021","239.46","254.73","264.41","227.61","5.71M","-5.99%"
"Mar 01, 2021","254.72","210.04","259.51","209.51","8.32M","21.27%"
"Feb 28, 2021","210.04","225.54","228.47","195.22","6.00M","-6.68%"
"Feb 27, 2021","225.07","222.08","237.70","219.32","4.46M","1.35%"
"Feb 26, 2021","222.08","233.70","238.71","209.98","7.82M","-4.97%"
"Feb 25, 2021","233.70","254.26","264.46","232.19","7.22M","-8.09%"
"Feb 24, 2021","254.26","231.71","280.66","213.89","12.30M","9.73%"
"Feb 23, 2021","231.72","267.42","268.69","188.71","16.50M","-13.35%"
"Feb 22, 2021","267.43","293.77","295.15","222.44","13.34M","-8.97%"
"Feb 21, 2021","293.76","254.33","308.54","249.64","11.49M","15.49%"
"Feb 20, 2021","254.36","332.74","334.15","223.93","14.42M","-23.56%"
"Feb 19, 2021","332.74","195.74","346.82","195.07","21.23M","69.99%"
"Feb 18, 2021","195.74","165.38","199.66","163.11","11.91M","18.36%"
"Feb 17, 2021","165.38","130.09","175.33","126.91","10.82M","27.13%"
"Feb 16, 2021","130.09","129.99","133.43","126.34","3.57M","0.08%"
"Feb 15, 2021","129.98","135.97","142.07","118.64","5.26M","-4.41%"
"Feb 14, 2021","135.98","133.09","138.78","128.53","4.90M","2.18%"
"Feb 13, 2021","133.07","136.64","138.47","125.07","4.20M","-2.52%"
"Feb 12, 2021","136.52","124.03","140.93","121.10","6.22M","10.07%"
"Feb 11, 2021","124.03","128.73","132.76","118.07","6.54M","-3.64%"
"Feb 10, 2021","128.72","107.61","148.27","107.61","18.37M","19.62%"
"Feb 09, 2021","107.60","79.73","115.33","78.23","13.65M","35.00%"
"Feb 08, 2021","79.71","68.41","79.75","67.72","8.52M","16.53%"
"Feb 07, 2021","68.40","72.86","74.62","64.35","6.25M","-5.76%"
"Feb 06, 2021","72.58","67.74","75.43","61.96","8.97M","7.12%"
"Feb 05, 2021","67.75","55.66","68.72","55.66","5.75M","21.74%"
"Feb 04, 2021","55.66","52.15","56.65","51.46","4.52M","6.76%"
"Feb 03, 2021","52.13","50.99","52.56","49.82","3.41M","2.24%"
"Feb 02, 2021","50.99","51.42","52.99","49.26","5.78M","-0.82%"
"Feb 01, 2021","51.42","44.31","52.32","43.43","7.97M","16.13%"
"Jan 31, 2021","44.27","44.77","45.78","43.35","2.92M","-1.08%"
"Jan 30, 2021","44.76","42.88","45.09","42.60","3.24M","4.40%"
"Jan 29, 2021","42.87","42.48","44.00","41.84","3.91M","0.93%"
"Jan 28, 2021","42.47","40.97","43.08","40.36","3.35M","3.63%"
"Jan 27, 2021","40.99","41.74","42.05","39.67","2.93M","-1.80%"
"Jan 26, 2021","41.74","41.78","42.51","39.87","3.24M","-0.10%"
"Jan 25, 2021","41.78","41.82","43.38","40.57","3.14M","-0.11%"
"Jan 24, 2021","41.82","40.92","42.20","40.36","2.59M","2.22%"
"Jan 23, 2021","40.92","40.87","41.83","39.50","2.79M","0.11%"
"Jan 22, 2021","40.87","38.69","41.35","36.92","3.47M","5.66%"
"Jan 21, 2021","38.68","42.57","42.63","38.37","3.88M","-9.14%"
"Jan 20, 2021","42.57","42.60","42.76","40.29","4.23M","-0.13%"
"Jan 19, 2021","42.62","45.36","47.19","41.75","5.77M","-6.02%"
"Jan 18, 2021","45.35","45.91","46.88","44.07","3.37M","-0.93%"
"Jan 17, 2021","45.78","43.10","46.69","40.94","4.26M","6.21%"
"Jan 16, 2021","43.10","40.92","44.10","40.68","3.56M","5.35%"
"Jan 15, 2021","40.91","41.88","42.54","38.87","3.77M","-2.31%"
"Jan 14, 2021","41.88","40.12","41.93","39.65","3.59M","4.39%"
"Jan 13, 2021","40.12","38.24","40.42","37.05","3.91M","4.89%"
"Jan 12, 2021","38.25","38.16","40.01","37.13","4.38M","0.00%"
"Jan 11, 2021","38.26","42.42","42.44","35.10","8.52M","-9.84%"
"Jan 10, 2021","42.43","43.84","45.12","40.14","5.55M","-3.19%"
"Jan 09, 2021","43.83","42.33","44.02","41.51","3.56M","3.55%"
"Jan 08, 2021","42.33","43.62","43.65","40.34","4.69M","-3.01%"
"Jan 07, 2021","43.64","42.22","44.47","41.41","6.79M","3.45%"
"Jan 06, 2021","42.19","41.79","42.19","40.50","5.24M","0.95%"
"Jan 05, 2021","41.79","41.12","41.79","38.86","4.88M","1.68%"
"Jan 04, 2021","41.10","41.25","43.21","38.09","6.87M","-0.29%"
"Jan 03, 2021","41.22","38.24","41.64","37.78","6.34M","7.81%"
"Jan 02, 2021","38.23","37.73","38.46","36.81","3.94M","1.35%"
"Jan 01, 2021","37.72","37.33","38.93","36.98","3.24M","1.04%"
"Dec 31, 2020","37.34","38.10","38.19","36.73","2.57M","-2.01%"
"Dec 30, 2020","38.10","39.14","39.21","36.84","3.38M","-2.56%"
"Dec 29, 2020","39.10","35.94","39.70","35.31","9.68M","8.80%"
"Dec 28, 2020","35.94","33.64","36.09","33.35","5.58M","6.72%"
"Dec 27, 2020","33.68","33.60","34.97","31.97","4.90M","0.26%"
"Dec 26, 2020","33.59","33.18","34.00","32.57","3.17M","1.23%"
"Dec 25, 2020","33.18","32.51","33.48","31.80","3.35M","2.06%"
"Dec 24, 2020","32.51","31.19","32.74","30.40","3.93M","4.22%"
"Dec 23, 2020","31.19","33.52","34.43","30.03","5.45M","-6.94%"
"Dec 22, 2020","33.52","32.14","33.77","30.50","5.01M","4.24%"
"Dec 21, 2020","32.15","34.27","35.60","31.53","6.15M","-6.18%"
"Dec 20, 2020","34.27","33.30","35.63","32.61","5.83M","2.92%"
"Dec 19, 2020","33.30","30.96","34.21","30.91","5.31M","7.56%"
"Dec 18, 2020","30.96","30.22","31.21","29.69","2.87M","2.43%"
"Dec 17, 2020","30.22","30.56","31.51","29.76","4.49M","-1.09%"
"Dec 16, 2020","30.56","29.51","30.62","29.04","3.09M","3.54%"
"Dec 15, 2020","29.51","30.03","30.35","29.33","2.61M","-1.71%"
"Dec 14, 2020","30.03","29.14","30.18","28.66","2.68M","3.05%"
"Dec 13, 2020","29.14","28.17","29.26","28.02","2.18M","3.53%"
"Dec 12, 2020","28.14","27.34","28.23","27.28","1.75M","2.98%"
"Dec 11, 2020","27.33","27.73","27.79","26.73","1.70M","-1.19%"
"Dec 10, 2020","27.66","28.15","28.25","27.45","1.74M","-1.71%"
"Dec 09, 2020","28.14","27.63","28.42","26.94","2.51M","1.67%"
"Dec 08, 2020","27.68","29.36","29.52","27.47","2.86M","-5.76%"
"Dec 07, 2020","29.37","29.49","29.65","29.00","1.64M","-0.66%"
"Dec 06, 2020","29.56","29.73","30.17","29.01","1.72M","-0.57%"
"Dec 05, 2020","29.73","29.02","30.04","28.65","2.34M","2.41%"
"Dec 04, 2020","29.03","30.68","31.19","28.81","2.67M","-5.44%"
"Dec 03, 2020","30.70","30.30","30.79","29.89","2.43M","1.33%"
"Dec 02, 2020","30.30","30.08","30.99","29.61","2.93M","0.30%"
"Dec 01, 2020","30.21","31.42","31.88","29.23","4.15M","-4.08%"
"Nov 30, 2020","31.49","30.10","31.59","29.72","3.82M","4.67%"
"Nov 29, 2020","30.09","29.15","30.45","28.92","3.78M","3.18%"
"Nov 28, 2020","29.16","28.46","29.61","27.92","3.54M","2.52%"
"Nov 27, 2020","28.44","28.22","28.71","27.23","3.26M","0.78%"
"Nov 26, 2020","28.22","31.28","31.76","26.45","8.78M","-9.80%"
"Nov 25, 2020","31.29","33.93","35.38","30.54","6.28M","-7.74%"
"Nov 24, 2020","33.91","32.33","35.13","31.59","9.72M","9.46%"
"Nov 23, 2020","30.98","30.04","31.06","29.80","3.94M","3.14%"
"Nov 22, 2020","30.04","30.49","31.12","29.00","3.92M","-1.50%"
"Nov 21, 2020","30.50","28.96","30.79","28.33","4.24M","5.31%"
"Nov 20, 2020","28.96","28.12","29.30","28.08","3.35M","3.05%"
"Nov 19, 2020","28.10","28.07","28.35","27.62","2.77M","0.10%"
"Nov 18, 2020","28.07","28.55","28.77","27.51","3.08M","-1.70%"
"Nov 17, 2020","28.56","27.95","28.75","27.93","3.06M","2.12%"
"Nov 16, 2020","27.96","27.67","28.21","27.45","2.36M","1.08%"
"Nov 15, 2020","27.66","27.92","28.22","27.08","2.04M","-0.90%"
"Nov 14, 2020","27.91","28.21","28.21","27.39","2.10M","-0.98%"
"Nov 13, 2020","28.19","27.71","28.51","27.52","2.65M","1.75%"
"Nov 12, 2020","27.71","28.00","28.15","27.31","2.30M","-1.02%"
"Nov 11, 2020","27.99","28.21","28.58","27.83","2.66M","-0.72%"
"Nov 10, 2020","28.19","28.09","28.48","27.67","3.00M","0.38%"
"Nov 09, 2020","28.09","28.38","28.94","27.36","3.05M","-1.05%"
"Nov 08, 2020","28.38","27.76","28.70","27.46","3.21M","2.24%"
"Nov 07, 2020","27.76","29.06","29.86","26.90","4.36M","-4.46%"
"Nov 06, 2020","29.06","27.69","29.44","27.68","3.83M","4.94%"
"Nov 05, 2020","27.69","26.94","27.89","26.68","3.38M","2.77%"
"Nov 04, 2020","26.94","26.88","26.96","25.95","3.01M","0.26%"
"Nov 03, 2020","26.87","27.80","27.80","25.84","3.63M","-3.33%"
"Nov 02, 2020","27.80","28.52","29.30","27.80","2.95M","-2.50%"
"Nov 01, 2020","28.51","28.51","28.68","28.08","2.65M","0.00%"
"Oct 31, 2020","28.51","28.49","28.88","28.13","2.77M","0.07%"
"Oct 30, 2020","28.49","29.87","30.25","27.58","4.41M","-4.60%"
"Oct 29, 2020","29.86","30.33","30.42","29.49","2.76M","-1.55%"
"Oct 28, 2020","30.33","31.49","31.93","29.81","3.11M","-3.71%"
"Oct 27, 2020","31.50","31.04","32.37","30.91","3.98M","1.48%"
"Oct 26, 2020","31.04","30.15","31.39","29.96","3.65M","2.96%"
"Oct 25, 2020","30.15","30.63","30.96","29.90","2.12M","-1.60%"
"Oct 24, 2020","30.64","30.64","30.85","30.42","2.25M","0.02%"
"Oct 23, 2020","30.64","30.64","31.17","30.09","2.81M","-0.03%"
"Oct 22, 2020","30.65","29.74","31.29","29.71","3.87M","3.05%"
"Oct 21, 2020","29.74","28.78","30.39","28.64","3.69M","3.28%"
"Oct 20, 2020","28.80","29.92","30.08","28.50","3.55M","-3.74%"
"Oct 19, 2020","29.92","30.65","30.66","29.74","2.45M","-2.44%"
"Oct 18, 2020","30.66","30.22","31.01","30.17","3.10M","1.43%"
"Oct 17, 2020","30.23","30.02","30.56","29.68","2.57M","0.71%"
"Oct 16, 2020","30.02","31.29","31.96","29.57","4.09M","-4.13%"
"Oct 15, 2020","31.31","30.84","31.65","30.43","3.67M","1.52%"
"Oct 14, 2020","30.84","30.73","31.32","30.40","3.39M","0.39%"
"Oct 13, 2020","30.72","30.66","31.78","30.21","4.54M","0.00%"
"Oct 12, 2020","30.72","28.52","31.09","28.44","5.87M","7.71%"
"Oct 11, 2020","28.52","28.41","28.72","27.91","3.21M","0.51%"
"Oct 10, 2020","28.38","28.40","29.24","28.11","3.23M","0.00%"
"Oct 09, 2020","28.38","27.69","28.51","27.48","3.47M","2.49%"
"Oct 08, 2020","27.69","27.70","27.80","26.54","3.35M","0.00%"
"Oct 07, 2020","27.70","27.69","27.90","26.84","2.81M","0.00%"
"Oct 06, 2020","27.70","28.58","28.98","27.26","3.78M","-3.12%"
"Oct 05, 2020","28.59","29.01","29.25","28.10","3.05M","-1.46%"
"Oct 04, 2020","29.01","28.19","29.10","28.01","4.09M","2.97%"
"Oct 03, 2020","28.18","27.31","28.38","27.08","3.90M","3.22%"
"Oct 02, 2020","27.30","27.45","28.16","25.71","5.51M","-0.66%"
"Oct 01, 2020","27.48","29.27","29.38","26.26","5.34M","-6.28%"
"Sep 30, 2020","29.32","28.81","29.55","27.90","4.13M","1.79%"
"Sep 29, 2020","28.81","26.99","28.99","26.90","4.80M","6.76%"
"Sep 28, 2020","26.98","26.23","27.70","25.85","4.28M","2.87%"
"Sep 27, 2020","26.23","26.18","26.87","25.54","3.43M","0.13%"
"Sep 26, 2020","26.20","24.68","26.46","24.48","4.14M","6.14%"
"Sep 25, 2020","24.68","24.57","25.06","23.78","3.80M","0.44%"
"Sep 24, 2020","24.57","22.81","24.66","22.59","4.39M","7.74%"
"Sep 23, 2020","22.81","24.04","24.32","22.47","4.21M","-5.10%"
"Sep 22, 2020","24.03","23.03","24.55","22.75","4.43M","4.35%"
"Sep 21, 2020","23.03","26.32","26.65","22.32","7.10M","-12.64%"
"Sep 20, 2020","26.37","27.20","27.31","25.14","3.94M","-3.06%"
"Sep 19, 2020","27.20","27.66","27.95","26.66","3.36M","-1.70%"
"Sep 18, 2020","27.67","27.06","28.73","26.65","5.75M","2.26%"
"Sep 17, 2020","27.06","27.83","28.78","26.06","6.22M","-2.76%"
"Sep 16, 2020","27.83","27.12","28.43","25.94","7.79M","2.64%"
"Sep 15, 2020","27.11","31.14","31.14","26.75","10.69M","-12.83%"
"Sep 14, 2020","31.10","31.14","33.35","29.05","12.31M","-0.18%"
"Sep 13, 2020","31.16","28.50","32.32","28.13","15.13M","9.31%"
"Sep 12, 2020","28.50","25.40","28.52","25.39","9.43M","12.20%"
"Sep 11, 2020","25.40","24.53","25.68","23.11","5.40M","3.55%"
"Sep 10, 2020","24.53","24.49","25.54","24.10","6.22M","0.18%"
"Sep 09, 2020","24.49","23.24","24.51","22.46","5.97M","5.38%"
"Sep 08, 2020","23.24","22.45","23.41","21.30","7.72M","3.52%"
"Sep 07, 2020","22.45","23.18","23.55","20.13","7.46M","-3.17%"
"Sep 06, 2020","23.18","19.47","23.44","18.58","10.83M","19.08%"
"Sep 05, 2020","19.47","20.96","21.53","18.02","5.88M","-7.10%"
"Sep 04, 2020","20.95","20.33","21.83","19.42","8.41M","3.05%"
"Sep 03, 2020","20.33","24.70","25.54","20.18","10.46M","-17.69%"
"Sep 02, 2020","24.70","24.72","25.81","23.23","8.96M","-0.08%"
"Sep 01, 2020","24.72","23.13","25.39","22.87","6.86M","6.87%"
"Aug 31, 2020","23.13","23.63","23.90","22.99","2.94M","-2.09%"
"Aug 30, 2020","23.63","22.94","23.83","22.91","3.13M","2.98%"
"Aug 29, 2020","22.94","23.07","23.50","22.75","2.89M","-0.54%"
"Aug 28, 2020","23.07","23.10","23.57","22.62","3.87M","-0.16%"
"Aug 27, 2020","23.11","22.20","23.14","21.83","4.46M","4.09%"
"Aug 26, 2020","22.20","21.39","22.48","21.28","3.85M","3.76%"
"Aug 25, 2020","21.39","22.61","22.63","20.99","3.53M","-5.36%"
"Aug 24, 2020","22.61","21.85","22.96","21.67","2.44M","3.49%"
"Aug 23, 2020","21.84","22.19","22.22","21.55","2.56M","-1.61%"
"Aug 22, 2020","22.20","22.09","22.26","21.29","3.00M","0.62%"
"Aug 21, 2020","22.06","23.07","23.33","21.63","3.85M","-4.36%"
"Aug 20, 2020","23.07","22.35","23.30","22.02","3.31M","3.20%"
"Aug 19, 2020","22.35","23.01","23.25","21.86","3.27M","-2.85%"
"Aug 18, 2020","23.01","23.51","23.77","22.37","3.86M","-2.10%"
"Aug 17, 2020","23.50","23.50","23.92","23.00","3.63M","0.00%"
"Aug 16, 2020","23.50","23.02","23.77","22.72","3.88M","2.15%"
"Aug 15, 2020","23.01","23.11","23.78","22.81","3.93M","-0.45%"
"Aug 14, 2020","23.11","21.78","23.29","21.27","5.34M","6.13%"
"Aug 13, 2020","21.78","21.50","21.86","20.64","4.38M","1.28%"
"Aug 12, 2020","21.50","21.27","21.97","20.60","3.57M","1.10%"
"Aug 11, 2020","21.27","22.63","22.72","20.70","4.55M","-6.01%"
"Aug 10, 2020","22.63","22.44","22.78","22.08","3.06M","0.84%"
"Aug 09, 2020","22.44","22.92","22.94","22.05","3.04M","-2.12%"
"Aug 08, 2020","22.92","22.34","22.92","21.86","3.37M","2.63%"
"Aug 07, 2020","22.33","22.75","23.00","21.50","4.14M","-1.80%"
"Aug 06, 2020","22.75","23.27","23.29","22.53","3.64M","-2.30%"
"Aug 05, 2020","23.28","22.30","23.54","22.09","5.36M","4.39%"
"Aug 04, 2020","22.30","22.07","22.44","21.52","3.65M","1.07%"
"Aug 03, 2020","22.07","21.00","22.49","20.72","4.06M","5.07%"
"Aug 02, 2020","21.00","21.63","22.15","19.26","5.00M","-2.87%"
"Aug 01, 2020","21.62","20.67","21.75","20.58","3.86M","4.62%"
"Jul 31, 2020","20.67","19.98","20.85","19.91","3.35M","3.44%"
"Jul 30, 2020","19.98","19.84","20.09","19.56","3.18M","0.69%"
"Jul 29, 2020","19.84","19.84","19.85","19.80","3.43M","-1.61%"
"Jul 28, 2020","20.17","19.79","20.62","19.46","5.19M","1.87%"
"Jul 27, 2020","19.79","19.55","20.18","18.45","5.59M","1.23%"
"Jul 26, 2020","19.55","19.80","20.25","19.34","4.23M","-1.23%"
"Jul 25, 2020","19.80","19.18","20.03","19.16","4.41M","3.20%"
"Jul 24, 2020","19.18","18.76","19.54","18.24","4.12M","2.28%"
"Jul 23, 2020","18.76","18.11","18.76","18.05","3.66M","3.63%"
"Jul 22, 2020","18.10","17.72","18.11","17.46","3.39M","2.15%"
"Jul 21, 2020","17.72","17.47","17.98","17.40","3.29M","1.44%"
"Jul 20, 2020","17.47","18.01","18.33","17.28","3.68M","-3.00%"
"Jul 19, 2020","18.01","17.13","18.10","16.90","3.75M","5.10%"
"Jul 18, 2020","17.13","17.07","17.32","16.83","2.60M","0.36%"
"Jul 17, 2020","17.07","17.15","17.48","16.99","2.79M","-0.43%"
"Jul 16, 2020","17.15","17.63","17.76","16.56","3.20M","-2.73%"
"Jul 15, 2020","17.63","18.09","18.15","17.44","2.91M","-2.55%"
"Jul 14, 2020","18.09","18.42","18.76","17.88","3.43M","-1.77%"
"Jul 13, 2020","18.42","18.31","18.99","17.73","4.28M","0.62%"
"Jul 12, 2020","18.31","17.62","18.59","17.60","4.01M","3.89%"
"Jul 11, 2020","17.62","17.30","17.68","17.03","3.13M","1.85%"
"Jul 10, 2020","17.30","16.83","17.33","16.44","2.82M","2.76%"
"Jul 09, 2020","16.84","17.28","17.47","16.49","2.70M","-2.47%"
"Jul 08, 2020","17.26","16.80","17.45","16.62","3.23M","2.76%"
"Jul 07, 2020","16.80","16.30","16.86","16.06","2.77M","3.06%"
"Jul 06, 2020","16.30","15.51","16.33","15.44","2.47M","5.13%"
"Jul 05, 2020","15.50","15.56","15.61","15.16","1.83M","-0.34%"
"Jul 04, 2020","15.56","15.28","15.63","15.23","2.03M","1.84%"
"Jul 03, 2020","15.28","15.36","15.48","15.26","1.94M","-0.53%"
"Jul 02, 2020","15.36","15.81","15.96","15.09","2.26M","-2.88%"
"Jul 01, 2020","15.81","15.40","15.88","15.34","2.58M","2.66%"
"Jun 30, 2020","15.40","15.46","15.54","15.25","2.18M","-0.38%"
"Jun 29, 2020","15.46","15.38","15.59","15.21","2.66M","0.45%"
"Jun 28, 2020","15.39","15.13","15.49","14.93","2.93M","1.74%"
"Jun 27, 2020","15.13","15.77","15.87","14.85","2.55M","-4.05%"
"Jun 26, 2020","15.77","15.91","15.99","15.58","2.05M","-0.89%"
"Jun 25, 2020","15.91","16.00","16.08","15.51","2.08M","-0.58%"
"Jun 24, 2020","16.00","16.39","16.64","15.98","2.49M","-2.37%"
"Jun 23, 2020","16.39","16.50","16.54","16.27","2.48M","-0.68%"
"Jun 22, 2020","16.50","15.97","16.52","15.96","2.94M","3.33%"
"Jun 21, 2020","15.97","16.06","16.31","15.94","2.30M","-0.54%"
"Jun 20, 2020","16.06","15.97","16.09","15.72","2.42M","0.50%"
"Jun 19, 2020","15.98","16.15","16.28","15.91","2.32M","-1.10%"
"Jun 18, 2020","16.15","16.40","16.53","15.91","2.48M","-1.47%"
"Jun 17, 2020","16.40","16.43","16.62","16.01","2.66M","-0.19%"
"Jun 16, 2020","16.43","16.38","16.62","16.16","3.00M","0.31%"
"Jun 15, 2020","16.38","16.56","16.60","15.54","2.88M","-1.12%"
"Jun 14, 2020","16.56","16.81","16.84","16.43","3.14M","-1.46%"
"Jun 13, 2020","16.81","16.64","16.81","16.49","3.57M","1.01%"
"Jun 12, 2020","16.64","16.23","16.78","16.10","3.42M","2.54%"
"Jun 11, 2020","16.23","17.39","17.49","15.98","3.25M","-6.70%"
"Jun 10, 2020","17.39","17.37","17.57","17.25","3.29M","0.13%"
"Jun 09, 2020","17.37","17.43","17.51","17.12","3.02M","-0.33%"
"Jun 08, 2020","17.43","17.42","17.54","17.26","3.05M","0.07%"
"Jun 07, 2020","17.42","17.56","17.64","16.91","3.35M","-0.81%"
"Jun 06, 2020","17.56","17.70","17.79","17.51","3.74M","-0.78%"
"Jun 05, 2020","17.70","17.52","17.89","17.45","4.21M","1.01%"
"Jun 04, 2020","17.52","17.56","17.67","17.08","3.99M","-0.22%"
"Jun 03, 2020","17.56","17.28","17.62","17.04","4.48M","1.58%"
"Jun 02, 2020","17.28","17.92","18.19","16.78","4.46M","-3.56%"
"Jun 01, 2020","17.92","17.10","18.08","16.99","5.28M","4.75%"
"May 31, 2020","17.11","17.73","18.16","16.87","4.77M","-3.51%"
"May 30, 2020","17.73","17.00","17.78","16.94","5.42M","4.28%"
"May 29, 2020","17.00","17.08","17.18","16.68","4.86M","-0.44%"
"May 28, 2020","17.08","16.46","17.14","16.39","5.32M","3.75%"
"May 27, 2020","16.46","16.22","16.50","16.16","5.01M","1.51%"
"May 26, 2020","16.22","16.38","16.49","15.97","4.38M","-0.99%"
"May 25, 2020","16.38","15.98","16.40","15.87","5.08M","2.32%"
"May 24, 2020","16.01","16.47","16.79","16.01","4.92M","-2.83%"
"May 23, 2020","16.47","16.59","16.84","16.33","4.93M","-0.74%"
"May 22, 2020","16.59","16.08","16.89","15.92","5.33M","3.16%"
"May 21, 2020","16.09","16.90","17.05","15.76","4.81M","-4.79%"
"May 20, 2020","16.90","17.20","17.33","16.55","5.21M","-1.78%"
"May 19, 2020","17.20","16.63","17.23","16.31","6.67M","3.43%"
"May 18, 2020","16.63","16.29","16.87","16.20","6.39M","2.13%"
"May 17, 2020","16.29","16.05","16.51","16.00","5.49M","1.45%"
"May 16, 2020","16.05","15.71","16.27","15.58","6.45M","2.16%"
"May 15, 2020","15.71","16.36","16.53","15.56","6.04M","-4.10%"
"May 14, 2020","16.39","16.12","16.64","15.28","7.31M","1.68%"
"May 13, 2020","16.11","15.76","16.31","14.97","6.71M","2.25%"
"May 12, 2020","15.76","15.09","16.23","14.21","7.37M","4.21%"
"May 11, 2020","15.12","15.28","15.56","14.05","8.35M","-1.03%"
"May 10, 2020","15.28","16.81","16.81","14.03","9.58M","-9.08%"
"May 09, 2020","16.81","17.14","17.49","16.81","6.06M","-1.94%"
"May 08, 2020","17.14","16.99","17.43","16.83","5.51M","0.85%"
"May 07, 2020","17.00","16.37","17.24","16.20","6.91M","3.82%"
"May 06, 2020","16.37","16.86","17.14","16.34","5.72M","-2.89%"
"May 05, 2020","16.86","17.02","17.31","16.58","5.69M","-0.97%"
"May 04, 2020","17.02","17.11","17.30","16.31","5.97M","-0.48%"
"May 03, 2020","17.11","17.52","17.81","16.86","5.64M","-2.32%"
"May 02, 2020","17.51","17.44","17.58","17.27","6.12M","0.43%"
"May 01, 2020","17.44","17.00","17.90","16.91","7.22M","2.56%"
"Apr 30, 2020","17.00","17.44","18.20","16.49","8.82M","-2.47%"
"Apr 29, 2020","17.43","16.32","17.54","16.28","8.18M","6.80%"
"Apr 28, 2020","16.32","16.49","16.54","16.14","6.13M","-0.99%"
"Apr 27, 2020","16.49","16.36","16.66","16.07","7.52M","0.76%"
"Apr 26, 2020","16.36","16.21","16.48","16.09","6.66M","0.84%"
"Apr 25, 2020","16.22","15.91","16.46","15.72","6.32M","1.95%"
"Apr 24, 2020","15.91","16.02","16.34","15.70","7.75M","-0.63%"
"Apr 23, 2020","16.02","15.70","16.41","15.40","9.43M","2.03%"
"Apr 22, 2020","15.70","15.10","15.84","14.91","8.33M","3.94%"
"Apr 21, 2020","15.10","14.98","15.48","14.75","7.61M","0.92%"
"Apr 20, 2020","14.96","16.06","16.66","14.87","8.00M","-6.84%"
"Apr 19, 2020","16.06","16.62","16.70","15.86","7.23M","-3.36%"
"Apr 18, 2020","16.62","15.63","16.83","12.85","9.24M","6.33%"
"Apr 17, 2020","15.63","15.64","15.94","12.96","6.10M","0.00%"
"Apr 16, 2020","15.63","14.57","15.75","12.96","9.27M","7.26%"
"Apr 15, 2020","14.57","15.60","15.92","14.50","8.79M","-6.59%"
"Apr 14, 2020","15.60","15.04","15.96","14.78","9.84M","3.72%"
"Apr 13, 2020","15.04","14.28","15.10","13.65","8.99M","5.26%"
"Apr 12, 2020","14.29","13.81","14.83","13.65","9.12M","3.48%"
"Apr 11, 2020","13.81","13.72","14.12","13.54","7.74M","0.64%"
"Apr 10, 2020","13.72","15.01","15.07","13.49","8.57M","-8.61%"
"Apr 09, 2020","15.01","15.10","15.22","14.69","9.52M","-0.55%"
"Apr 08, 2020","15.09","14.74","15.36","14.56","8.18M","2.34%"
"Apr 07, 2020","14.75","15.21","15.50","14.26","9.53M","-2.89%"
"Apr 06, 2020","15.19","13.69","15.22","13.63","10.71M","10.97%"
"Apr 05, 2020","13.69","13.76","13.96","13.41","9.29M","-0.52%"
"Apr 04, 2020","13.76","13.36","14.01","13.18","9.73M","2.99%"
"Apr 03, 2020","13.36","13.03","13.58","12.91","9.59M","2.57%"
"Apr 02, 2020","13.02","12.72","13.67","12.54","10.32M","2.45%"
"Apr 01, 2020","12.71","12.55","12.74","11.98","8.57M","1.31%"
"Mar 31, 2020","12.55","12.16","12.72","12.10","9.56M","3.21%"
"Mar 30, 2020","12.16","11.30","12.40","11.26","8.22M","7.62%"
"Mar 29, 2020","11.30","12.20","12.29","11.30","5.36M","-7.25%"
"Mar 28, 2020","12.18","12.34","12.38","11.65","6.11M","-1.21%"
"Mar 27, 2020","12.33","13.21","13.37","12.24","6.38M","-6.64%"
"Mar 26, 2020","13.21","12.34","13.27","12.19","7.03M","7.02%"
"Mar 25, 2020","12.34","12.35","12.70","11.61","7.60M","0.00%"
"Mar 24, 2020","12.34","12.19","12.56","11.37","9.24M","1.24%"
"Mar 23, 2020","12.19","11.15","12.49","10.84","10.85M","9.24%"
"Mar 22, 2020","11.16","12.11","12.48","11.05","10.86M","-7.84%"
"Mar 21, 2020","12.11","11.94","12.45","11.31","12.14M","1.46%"
"Mar 20, 2020","11.94","12.30","13.66","10.50","14.04M","-2.95%"
"Mar 19, 2020","12.30","10.40","12.69","10.25","12.93M","18.24%"
"Mar 18, 2020","10.40","10.29","10.44","9.67","9.72M","1.12%"
"Mar 17, 2020","10.29","9.42","10.49","9.34","10.60M","9.15%"
"Mar 16, 2020","9.42","10.40","10.41","8.47","13.27M","-9.41%"
"Mar 15, 2020","10.40","10.13","11.09","9.98","12.62M","2.74%"
"Mar 14, 2020","10.13","10.96","11.28","9.91","11.21M","-7.64%"
"Mar 13, 2020","10.96","9.25","11.45","6.50","24.31M","18.54%"
"Mar 12, 2020","9.25","16.54","16.66","8.98","18.29M","-44.08%"
"Mar 11, 2020","16.54","16.84","17.14","15.43","6.00M","-1.78%"
"Mar 10, 2020","16.84","16.55","17.49","16.37","7.60M","1.74%"
"Mar 09, 2020","16.55","16.89","17.51","15.61","9.96M","-2.21%"
"Mar 08, 2020","16.93","20.24","20.27","16.74","8.06M","-16.38%"
"Mar 07, 2020","20.24","21.37","21.49","19.73","5.52M","-5.27%"
"Mar 06, 2020","21.37","20.76","21.76","20.67","7.11M","2.95%"
"Mar 05, 2020","20.76","19.96","21.49","19.94","7.03M","3.90%"
"Mar 04, 2020","19.98","19.71","20.25","19.52","5.96M","1.78%"
"Mar 03, 2020","19.63","19.94","20.35","19.27","6.65M","-1.53%"
"Mar 02, 2020","19.93","18.95","20.25","18.63","8.50M","5.52%"